{"cameraMode":{"drawMode":0,"name":"Shaded","section":"Shading Mode"},"sceneLighting":true,"audioPlay":false,"sceneViewState":{"m_AlwaysRefresh":false,"showFog":true,"showSkybox":true,"showFlares":true,"showImageEffects":true,"showParticleSystems":true,"showVisualEffectGraphs":true,"m_FxEnabled":true},"in2DMode":false,"pivot":{"x":-3.6917386054992677,"y":-4.1509575843811039,"z":-78.0246353149414},"rotation":{"x":0.1316319704055786,"y":0.00010251714411424473,"z":0.0002452871995046735,"w":0.9914205074310303},"size":16.149595260620118,"orthographic":false}