{"cameraMode":{"drawMode":0,"name":"Shaded","section":"Shading Mode"},"sceneLighting":true,"audioPlay":false,"sceneViewState":{"m_AlwaysRefresh":false,"showFog":true,"showSkybox":true,"showFlares":true,"showImageEffects":true,"showParticleSystems":true,"showVisualEffectGraphs":true,"m_FxEnabled":true},"in2DMode":false,"pivot":{"x":226.54795837402345,"y":-192.89761352539063,"z":268.32843017578127},"rotation":{"x":0.24139969050884248,"y":0.3435642421245575,"z":-0.09131814539432526,"w":0.9031785726547241},"size":221.92758178710938,"orthographic":false}